Column,x
A,2
C,4
D,6
E,8
F,10
G,12
H,14
I,16
J,18
K,20
L,22
M,24
N,26
O,28
P,30
Q,32
R,34
S,36
T,38
U,40
V,42
W,44
X,46
Y,48
Z,50
AA,52
AB,54
AC,56
AD,58
AE,60
AF,62
AG,64
AH,66
AI,68
AJ,70
AK,72
AL,74
AM,76
AN,78
AO,80
AP,82
AQ,84
AR,86
AS,88
AT,90
AU,92
AV,94
AW,96
AX,98
AY,100
AZ,102
BA,104
BB,106
BC,108
BD,110
BE,112
BF,114
BG,116
BH,118
BI,120
BJ,122
BK,124
BL,126
BM,128
BN,130
BO,132
BP,134
BQ,136
BR,138
BS,140
BT,142
BU,144
BV,146
BW,148
BX,150
BY,152
BZ,154
CA,156
CB,158
CC,160
CD,162
CE,164
CF,166
CG,168
CH,170
CI,172
CJ,174
CK,176
CL,178
CM,180
CN,182
CO,184
CP,186
CQ,188
CR,190
CS,192
CT,194
CU,196
CV,198
CW,200
CX,202
CY,204
CZ,206
DA,208
DB,210
DC,212
DD,214
DE,216
DF,218
DG,220
DH,222
DI,224
DJ,226
DK,228
DL,230
DM,232
DN,234
DO,236
DP,238
DQ,240
DR,242
DS,244
DT,246
DU,248
DV,250
DW,252
DX,254
DY,256
DZ,258
EA,260
EB,262
EC,264
ED,266
EE,268
EF,270
EG,272
EH,274
EI,276
EJ,278
EK,280
EL,282
EM,284
EN,286
EO,288
EP,290
EQ,292
ER,294
ES,296
ET,298
EU,300
EV,302
EW,304
EX,306
EY,308
EZ,310
FA,312
FB,314
FC,316
FD,318
FE,320
FF,322
FG,324
FH,326
FI,328
FJ,330
FK,332
FL,334
FM,336
FN,338
FO,340
FP,342
FQ,344
FR,346
FS,348
FT,350
FU,352
FV,354
FW,356
FX,358
FY,360
FZ,362
GA,364
GB,366
GC,368
GD,370
GE,372
GF,374
GG,376
GH,378
GI,380
GJ,382
GK,384
GL,386
GM,388
GN,390
GO,392
GP,394
GQ,396
GR,398
GS,400
GT,402
GU,404
GV,406
GW,408
GX,410
GY,412
GZ,414
HA,416
HB,418
HC,420
HD,422
HE,424
HF,426
HG,428
HH,430
HI,432
HJ,434
HK,436
HL,438
HM,440
HN,442
HO,444
HP,446
HQ,448
HR,450
HS,452
HT,454
HU,456
HV,458
HW,460
HX,462
HY,464
HZ,466
IA,468
IB,470
IC,472
ID,474
IE,476
IF,478
IG,480
IH,482
II,484
IJ,486
IK,488
IL,490
IM,492
IN,494
IO,496
IP,498
IQ,500
IR,502
IS,504
IT,506
IU,508
IV,510
IW,512
IX,514
IY,516
IZ,518
JA,520
JB,522
JC,524
JD,526
JE,528
JF,530
JG,532
JH,534
JI,536
JJ,538
JK,540
JL,542
JM,544
JN,546
JO,548
JP,550
JQ,552
JR,554
JS,556
JT,558
JU,560
JV,562
JW,564
JX,566
JY,568
JZ,570
KA,572
KB,574
KC,576
KD,578
KE,580
KF,582
KG,584
KH,586
KI,588
KJ,590
KK,592
KL,594
KM,596
KN,598
KO,600
KP,602
KQ,604
KR,606
KS,608
KT,610
KU,612
KV,614
KW,616
KX,618
KY,620
KZ,622
LA,624
LB,626
LC,628
LD,630
LE,632
LF,634
LG,636
LH,638
LI,640
LJ,642
LK,644
LL,646
LM,648
LN,650
LO,652
LP,654
LQ,656
LR,658
LS,660
LT,662
LU,664
LV,666
LW,668
LX,670
LY,672
LZ,674
MA,676
MB,678
MC,680
MD,682
ME,684
MF,686
MG,688
MH,690
MI,692
MJ,694
MK,696
ML,698
MM,700
MN,702
MO,704
MP,706
MQ,708
MR,710
MS,712
MT,714
MU,716
MV,718
MW,720
MX,722
MY,724
MZ,726
NA,728
NB,730
NC,732
ND,734
NE,736
NF,738
NG,740
NH,742
NI,744
NJ,746
NK,748
NL,750
NM,752
NN,754
NO,756
NP,758
NQ,760
NR,762
NS,764
NT,766
NU,768
NV,770
NW,772
NX,774
NY,776
NZ,778
OA,780
OB,782
OC,784
OD,786
OE,788
OF,790
OG,792
OH,794
OI,796
OJ,798
OK,800
